Div,Date,Time,HomeTeam,AwayTeam,FTHG,FTAG,FTR,HTHG,HTAG,HTR,HS,AS,HST,AST,HF,AF,HC,AC,HY,AY,HR,AR,B365H,B365D,B365A,BWH,BWD,BWA,BFH,BFD,BFA,PSH,PSD,PSA,WHH,WHD,WHA,1XBH,1XBD,1XBA,MaxH,MaxD,MaxA,AvgH,AvgD,AvgA,BFEH,BFED,BFEA,B365>2.5,B365<2.5,P>2.5,P<2.5,Max>2.5,Max<2.5,Avg>2.5,Avg<2.5,BFE>2.5,BFE<2.5,AHh,B365AHH,B365AHA,PAHH,PAHA,MaxAHH,MaxAHA,AvgAHH,AvgAHA,BFEAHH,BFEAHA,B365CH,B365CD,B365CA,BWCH,BWCD,BWCA,BFCH,BFCD,BFCA,PSCH,PSCD,PSCA,WHCH,WHCD,WHCA,1XBCH,1XBCD,1XBCA,MaxCH,MaxCD,MaxCA,AvgCH,AvgCD,AvgCA,BFECH,BFECD,BFECA,B365C>2.5,B365C<2.5,PC>2.5,PC<2.5,MaxC>2.5,MaxC<2.5,AvgC>2.5,AvgC<2.5,BFEC>2.5,BFEC<2.5,AHCh,B365CAHH,B365CAHA,PCAHH,PCAHA,MaxCAHH,MaxCAHA,AvgCAHH,AvgCAHA,BFECAHH,BFECAHA
D2,02/08/2024,19:30,1. FC Köln,Hamburger SV,1,2,A,0,2,A,26,9,4,6,18,7,6,3,2,2,0,0,2.45,3.4,2.8,2.35,3.6,2.8,2.3,3.5,2.75,2.41,3.73,2.86,2.3,3.6,2.7,2.36,3.64,2.83,2.45,3.8,2.9,2.36,3.62,2.8,2.44,3.8,2.98,1.57,2.35,1.61,2.42,1.61,2.47,1.57,2.37,1.63,2.52,-0.25,2.08,1.73,2.11,1.82,2.13,1.82,2.04,1.79,2.12,1.87,2.0,3.6,3.5,2.05,3.7,3.3,2.05,3.7,3.1,2.1,3.76,3.43,2.0,3.7,3.25,2.06,3.68,3.6,2.15,3.88,3.6,2.05,3.74,3.34,2.14,3.9,3.55,1.53,2.4,1.57,2.51,1.57,2.58,1.54,2.44,1.62,2.58,-0.25,1.75,2.05,1.84,2.08,1.95,2.18,1.8,2.04,1.87,2.13
D2,10/08/2024,12:00,Elversberg,1. FC Köln,2,2,D,0,1,A,10,23,3,9,13,13,4,13,3,2,0,0,3.4,3.6,2.05,3.25,3.7,2.1,3.4,3.7,1.95,3.42,3.88,2.04,3.25,3.7,2.0,3.39,3.76,2.04,3.42,3.93,2.1,3.31,3.76,2.04,3.6,3.95,2.1,1.65,2.2,1.67,2.28,1.67,2.32,1.64,2.23,1.68,2.4,0.5,1.83,2.03,1.85,2.05,1.88,2.08,1.81,2.02,1.89,2.1,4.0,3.9,1.83,3.75,4.0,1.85,3.9,3.8,1.8,3.94,4.11,1.85,3.6,3.9,1.83,4.21,3.96,1.83,4.21,4.11,1.87,3.84,3.99,1.83,4.2,4.2,1.9,1.48,2.6,1.52,2.64,1.52,2.75,1.48,2.58,1.54,2.82,0.5,2.03,1.83,2.05,1.87,2.05,1.88,1.99,1.83,2.1,1.9
D2,10/08/2024,19:30,Hamburger SV,Hertha,1,1,D,1,0,H,13,13,3,4,9,8,9,11,2,2,0,0,1.8,4.2,3.7,1.83,4.33,3.6,1.8,4.2,3.8,1.84,4.07,3.79,1.75,4.33,3.6,1.85,4.2,3.67,1.87,4.34,3.88,1.83,4.14,3.69,1.87,4.4,4.0,1.4,2.88,1.42,2.92,1.42,3.15,1.39,2.89,1.44,3.0,-0.5,1.83,2.03,1.85,2.02,1.87,2.06,1.81,1.99,1.87,2.12,1.65,4.5,4.33,1.68,4.2,4.4,1.62,3.9,4.33,1.68,4.38,4.71,1.65,4.2,4.33,1.66,4.6,4.59,1.72,4.6,4.71,1.66,4.29,4.42,1.74,4.4,4.8,1.44,2.7,1.46,2.82,1.46,3.15,1.42,2.81,1.49,3.0,-0.75,1.83,2.03,1.85,2.07,1.92,2.08,1.82,2.01,1.91,2.07
D2,23/08/2024,17:30,Hannover,Hamburger SV,1,0,H,0,0,D,9,8,3,1,20,18,1,3,4,4,0,1,2.3,3.6,2.8,2.45,3.6,2.65,2.3,3.5,2.75,2.38,3.76,2.88,2.38,3.6,2.62,2.38,3.72,2.73,2.45,3.76,2.88,2.37,3.65,2.76,2.5,3.8,2.96,1.62,2.25,1.64,2.35,1.64,2.42,1.59,2.3,1.66,2.44,-0.25,2.05,1.8,2.08,1.83,2.12,1.83,2.05,1.77,2.17,1.85,2.55,3.6,2.55,2.55,3.6,2.55,2.5,3.5,2.6,2.65,3.69,2.6,2.5,3.6,2.5,2.54,3.59,2.59,2.65,3.75,2.61,2.56,3.61,2.56,2.62,3.8,2.78,1.62,2.25,1.66,2.32,1.67,2.41,1.61,2.29,1.68,2.44,0.0,1.95,1.9,1.97,1.93,1.98,1.97,1.92,1.93,1.93,2.05
D2,24/08/2024,19:30,1. FC Köln,Braunschweig,5,0,H,2,0,H,22,6,13,3,14,7,8,2,2,1,0,0,1.48,4.5,6.0,1.49,4.75,5.75,1.44,4.75,6.0,1.45,4.84,6.13,1.44,4.6,5.8,1.47,4.85,6.05,1.5,5.0,6.3,1.47,4.75,5.92,1.52,5.0,6.6,1.48,2.6,1.49,2.66,1.51,2.66,1.47,2.59,1.52,2.72,-1.25,2.03,1.83,2.0,1.87,2.11,1.87,1.99,1.84,2.01,1.84,1.42,4.75,6.25,1.43,5.0,6.5,1.36,4.6,6.0,1.44,5.2,6.54,1.4,4.8,6.5,1.46,4.85,6.16,1.48,5.2,6.9,1.43,4.97,6.24,1.48,5.3,7.0,1.4,2.88,1.42,3.0,1.45,3.0,1.41,2.87,1.46,3.1,-1.25,1.88,1.98,1.93,1.98,1.93,2.05,1.89,1.93,1.96,2.01
D2,31/08/2024,12:00,Hamburger SV,Preußen Münster,4,1,H,3,0,H,10,15,7,7,13,8,7,10,0,0,0,0,1.38,4.75,7.0,1.43,5.0,6.5,1.33,5.0,7.0,1.39,5.39,7.22,1.4,5.0,6.5,1.4,5.2,6.9,1.43,5.4,7.3,1.39,5.1,6.89,1.4,5.4,7.2,1.44,2.7,1.44,2.87,1.44,2.89,1.41,2.79,1.43,2.88,-1.25,1.8,2.05,1.81,2.07,1.87,2.08,1.81,2.01,1.82,2.07,1.48,4.33,6.0,1.49,4.8,5.75,1.44,4.6,6.0,1.49,4.87,6.16,1.44,4.75,5.5,1.5,4.42,6.34,1.52,4.87,6.34,1.48,4.63,5.82,1.52,5.1,6.6,1.44,2.7,1.45,2.85,1.49,2.88,1.43,2.75,1.48,3.05,-1.25,2.03,1.83,2.05,1.86,2.08,1.88,2.0,1.83,2.1,1.88
D2,01/09/2024,12:30,Schalke 04,1. FC Köln,1,3,A,0,2,A,15,11,7,6,6,17,6,3,2,4,0,0,3.2,3.5,2.15,3.0,3.75,2.15,3.0,3.8,2.1,3.13,3.7,2.17,2.9,3.8,2.1,3.05,3.9,2.14,3.2,3.9,2.21,3.05,3.73,2.16,3.3,3.7,2.24,1.5,2.5,1.5,2.6,1.54,2.6,1.48,2.52,1.31,2.74,0.25,1.95,1.9,1.95,1.9,1.99,1.94,1.93,1.87,2.02,1.92,3.3,3.6,2.05,3.0,3.75,2.15,3.1,3.5,2.0,3.3,3.78,2.14,3.0,3.9,2.05,3.28,3.63,2.12,3.3,4.0,2.2,3.15,3.74,2.11,3.35,3.95,2.2,1.48,2.6,1.49,2.74,1.5,2.85,1.47,2.64,1.53,2.88,0.25,2.03,1.83,2.03,1.88,2.04,1.91,1.99,1.83,2.06,1.92
D2,14/09/2024,19:30,1. FC Köln,Magdeburg,1,2,A,0,0,D,33,11,13,4,13,10,10,2,4,3,0,0,1.5,5.0,5.25,1.49,4.8,5.75,1.47,4.6,5.5,1.49,4.74,5.72,1.44,4.75,5.8,1.5,4.75,5.75,1.51,5.0,6.0,1.48,4.77,5.66,1.5,5.4,6.6,1.44,2.7,1.44,2.8,1.46,2.81,1.43,2.73,1.46,2.92,-1.25,2.05,1.8,2.05,1.82,2.07,1.85,2.02,1.8,2.06,1.86,1.42,5.25,5.75,1.42,5.0,6.5,1.4,4.75,6.5,1.43,5.24,6.72,1.36,5.0,6.5,1.44,5.33,5.84,1.47,5.33,6.9,1.42,5.06,6.33,1.47,5.3,7.2,1.4,2.88,1.4,3.1,1.46,3.14,1.39,2.92,1.43,3.25,-1.25,1.85,2.0,1.88,2.03,1.93,2.05,1.87,1.96,1.92,2.07
D2,15/09/2024,12:30,Hamburger SV,Regensburg,5,0,H,2,0,H,16,4,8,1,12,11,5,4,4,5,0,0,1.33,5.5,8.5,1.34,5.25,8.25,1.29,5.5,9.0,1.3,5.63,8.81,1.29,5.5,8.5,1.32,5.55,8.8,1.34,5.8,9.3,1.31,5.47,8.62,1.33,6.0,9.4,1.53,2.4,1.54,2.5,1.55,2.63,1.52,2.47,1.56,2.6,-1.5,1.9,1.95,1.88,1.95,1.98,2.0,1.89,1.93,,,1.44,4.75,6.25,1.41,5.0,6.75,1.3,4.75,7.0,1.43,5.08,7.02,1.36,4.8,7.0,1.44,4.82,6.6,1.44,5.5,7.7,1.4,4.99,6.89,1.44,5.3,8.2,1.57,2.35,1.56,2.55,1.57,2.6,1.53,2.47,1.6,2.64,-1.25,1.95,1.9,1.96,1.94,1.99,2.05,1.88,1.95,1.94,2.04
D2,21/09/2024,12:00,Fortuna Dusseldorf,1. FC Köln,2,2,D,1,1,D,9,24,5,13,9,11,4,8,2,2,0,0,3.0,3.6,2.2,3.1,3.6,2.2,2.88,3.6,2.25,3.04,3.66,2.3,3.0,3.7,2.1,2.96,3.74,2.24,3.15,3.74,2.31,2.99,3.62,2.23,3.0,3.8,2.34,1.62,2.25,1.65,2.32,1.66,2.38,1.61,2.29,1.65,2.36,0.25,1.88,1.98,1.88,2.01,1.94,2.02,1.88,1.92,1.9,2.03,3.1,3.7,2.15,3.0,3.7,2.15,3.0,3.5,2.15,3.2,3.71,2.21,3.0,3.6,2.15,3.12,3.72,2.16,3.22,3.75,2.42,3.01,3.64,2.22,3.25,3.8,2.3,1.53,2.4,1.61,2.51,1.61,2.52,1.56,2.38,1.62,2.56,0.25,1.95,1.9,1.96,1.93,2.0,2.07,1.89,1.93,1.99,1.99
D2,21/09/2024,19:30,Kaiserslautern,Hamburger SV,2,2,D,1,0,H,10,17,4,8,9,13,3,10,2,3,0,0,3.1,3.75,2.15,2.9,3.9,2.2,3.1,3.75,2.1,3.12,3.81,2.14,2.9,3.8,2.1,3.01,3.86,2.17,3.17,3.9,2.23,3.03,3.78,2.14,3.1,4.0,2.24,1.5,2.5,1.51,2.57,1.52,2.64,1.49,2.53,1.52,2.54,0.25,1.98,1.88,1.97,1.89,2.0,1.92,1.94,1.87,1.99,1.96,3.1,3.7,2.15,3.1,3.8,2.1,3.0,3.6,2.0,3.15,3.82,2.2,3.0,3.8,2.05,3.21,3.76,2.1,3.21,3.9,2.21,3.1,3.76,2.13,3.4,3.95,2.16,1.53,2.4,1.55,2.57,1.55,2.61,1.52,2.48,1.59,2.66,0.25,1.95,1.9,1.96,1.93,2.01,1.96,1.95,1.87,2.08,1.89
D2,28/09/2024,12:00,Hamburger SV,Paderborn,2,2,D,0,0,D,17,12,7,6,18,12,7,3,3,3,0,0,1.75,4.0,4.2,1.75,4.1,4.1,1.73,4.2,4.0,1.77,4.37,4.05,1.73,4.0,4.0,1.78,4.2,4.0,1.79,4.38,4.2,1.76,4.15,3.98,1.79,4.4,4.2,1.48,2.6,1.51,2.64,1.51,2.7,1.47,2.58,1.53,2.72,-0.75,1.98,1.88,1.98,1.91,2.02,1.91,1.94,1.86,1.97,1.9,1.85,3.9,3.7,1.88,4.0,3.6,1.8,3.9,3.75,1.89,3.99,3.85,1.83,4.0,3.5,1.86,4.05,3.75,1.94,4.2,3.96,1.87,3.97,3.69,1.93,4.2,4.0,1.44,2.7,1.49,2.73,1.49,3.05,1.43,2.73,1.48,3.0,-0.5,1.88,1.98,1.89,2.0,1.94,2.0,1.87,1.95,1.91,2.08
D2,29/09/2024,12:30,1. FC Köln,Karlsruhe,4,4,D,4,2,H,16,19,5,7,8,9,3,8,0,3,0,0,1.57,4.2,5.25,1.63,4.33,4.75,1.53,4.6,5.0,1.57,4.52,5.15,1.55,4.5,4.75,1.59,4.65,4.8,1.63,4.65,5.25,1.58,4.47,4.88,1.6,5.0,5.3,1.4,2.88,1.4,3.0,1.4,3.05,1.38,2.93,1.41,3.2,-1.0,1.9,1.95,1.91,1.94,2.02,1.98,1.92,1.9,1.92,1.98,1.48,4.5,5.75,1.5,4.75,5.5,1.44,4.75,6.0,1.51,4.9,6.0,1.44,4.8,5.5,1.52,4.58,5.66,1.52,5.0,6.25,1.49,4.77,5.76,1.51,5.1,6.6,1.33,3.4,1.35,3.37,1.35,3.45,1.32,3.29,1.37,3.65,-1.25,1.98,1.88,2.0,1.9,2.02,1.92,1.96,1.86,2.02,1.94
D2,05/10/2024,12:00,1. FC Köln,Ulm,2,0,H,1,0,H,21,3,4,0,15,7,7,4,4,1,0,1,1.27,6.0,9.0,1.3,5.75,9.5,1.25,5.5,10.0,1.26,6.24,10.66,1.25,5.8,9.5,1.28,5.95,9.7,1.3,6.4,11.0,1.27,5.95,9.88,1.29,6.6,11.5,1.44,2.7,1.46,2.78,1.47,2.85,1.44,2.68,1.5,2.9,-1.75,1.98,1.88,1.98,1.88,2.05,1.91,1.96,1.85,2.0,1.9,1.27,6.0,9.0,1.32,6.0,8.0,1.25,5.5,9.0,1.31,5.79,9.35,1.29,5.5,8.5,1.29,6.07,9.11,1.33,6.2,10.0,1.29,5.82,8.95,1.34,6.2,10.5,1.4,2.88,1.4,3.11,1.44,3.12,1.39,2.91,1.45,3.15,-1.5,1.75,2.05,1.87,2.03,1.89,2.1,1.81,2.03,1.91,2.06
D2,06/10/2024,12:30,Fortuna Dusseldorf,Hamburger SV,0,3,A,0,1,A,22,18,7,5,8,9,10,3,2,2,1,0,2.45,3.5,2.7,2.45,3.6,2.7,2.4,3.5,2.7,2.4,3.59,2.83,2.38,3.6,2.6,2.38,3.75,2.72,2.5,3.75,2.86,2.4,3.59,2.73,2.5,3.75,2.88,1.57,2.35,1.6,2.38,1.61,2.45,1.57,2.35,1.61,2.4,0.0,1.83,2.03,1.77,2.09,1.85,2.1,1.81,2.03,1.86,2.11,2.75,3.5,2.4,2.65,3.5,2.5,2.63,3.4,2.5,2.86,3.52,2.5,2.62,3.5,2.4,2.64,3.54,2.56,2.91,3.65,2.7,2.69,3.49,2.5,2.9,3.65,2.6,1.62,2.25,1.67,2.3,1.67,2.36,1.62,2.26,1.69,2.42,0.0,2.05,1.8,2.09,1.82,2.13,1.95,2.02,1.84,2.09,1.9
D2,18/10/2024,17:30,Darmstadt,1. FC Köln,5,1,H,2,1,H,11,15,6,6,11,10,3,6,2,3,0,0,4.0,3.9,1.8,3.9,4.1,1.78,3.9,4.0,1.75,4.0,4.27,1.82,3.8,4.2,1.73,3.95,4.15,1.8,4.07,4.3,1.86,3.93,4.13,1.79,4.2,4.3,1.86,1.48,2.6,1.5,2.7,1.5,2.75,1.47,2.61,1.53,2.8,0.5,2.03,1.78,2.09,1.81,2.09,1.85,2.05,1.79,2.12,1.86,3.6,3.8,1.9,3.5,3.9,1.93,3.6,3.9,1.85,3.64,4.0,1.96,3.4,4.0,1.85,3.78,3.85,1.89,3.83,4.1,1.98,3.6,3.95,1.91,3.85,4.2,1.98,1.48,2.6,1.5,2.69,1.5,2.75,1.47,2.62,1.52,2.86,0.5,1.9,1.95,1.93,1.96,1.98,1.99,1.91,1.91,2.01,1.98
D2,20/10/2024,12:30,Hamburger SV,Magdeburg,3,1,H,3,0,H,13,14,5,3,7,10,4,7,2,2,1,0,1.62,4.2,4.75,1.63,4.4,4.6,1.6,4.33,4.75,1.65,4.43,4.54,1.6,4.4,4.5,1.66,4.45,4.47,1.66,4.5,5.0,1.63,4.35,4.55,1.66,4.6,5.0,1.44,2.7,1.45,2.79,1.45,3.0,1.41,2.78,1.44,2.74,-1.0,1.99,1.74,2.05,1.81,2.11,1.84,2.02,1.8,,,1.67,4.2,4.33,1.7,4.2,4.33,1.62,4.0,4.2,1.7,4.25,4.69,1.62,4.33,4.33,1.69,4.29,4.42,1.74,4.45,4.75,1.68,4.24,4.44,1.75,4.5,4.7,1.36,3.1,1.38,3.18,1.39,3.35,1.35,3.11,1.41,3.35,-0.75,1.85,2.0,1.87,2.03,1.91,2.03,1.84,2.0,1.91,2.06
D2,25/10/2024,17:30,1. FC Köln,Paderborn,1,2,A,0,0,D,12,9,3,4,6,11,6,3,1,4,0,0,1.65,4.1,4.5,1.68,4.2,4.5,1.62,4.2,4.6,1.68,4.23,4.87,1.67,4.2,4.2,1.76,4.15,4.14,1.76,4.35,4.88,1.67,4.17,4.54,1.71,4.4,5.0,1.44,2.7,1.42,3.0,1.44,3.01,1.39,2.87,1.45,3.15,-0.75,1.78,2.03,1.85,2.05,1.9,2.11,1.83,1.99,1.86,2.09,1.48,4.5,5.75,1.57,4.5,5.0,1.53,4.4,5.0,1.51,4.69,6.27,1.5,4.6,5.0,1.55,4.39,5.51,1.58,4.84,6.27,1.54,4.47,5.41,1.58,4.9,5.9,1.36,3.1,1.39,3.13,1.4,3.21,1.37,3.03,1.44,3.25,-1.0,1.73,2.08,1.78,2.14,1.9,2.14,1.84,1.99,1.91,2.05
D2,26/10/2024,12:00,Elversberg,Hamburger SV,4,2,H,1,1,D,18,9,10,4,10,14,6,3,0,0,0,0,3.6,3.8,1.91,3.25,3.9,2.05,3.4,3.9,1.91,3.4,4.0,2.02,3.3,3.9,1.91,3.42,3.92,1.98,3.6,4.09,2.05,3.36,3.9,1.98,3.5,4.1,2.04,1.44,2.7,1.48,2.74,1.48,2.83,1.44,2.7,1.49,2.84,0.5,1.88,1.98,1.85,2.03,1.91,2.03,1.85,1.96,1.94,2.04,2.63,3.6,2.45,2.7,3.7,2.37,2.75,3.6,2.3,2.72,3.72,2.52,2.62,3.75,2.3,2.95,3.66,2.27,2.95,3.8,2.52,2.75,3.65,2.37,2.92,3.85,2.48,1.48,2.6,1.51,2.66,1.51,2.76,1.46,2.66,1.53,2.84,0.0,2.0,1.85,2.03,1.87,2.2,1.91,2.08,1.79,2.16,1.84
D2,02/11/2024,19:30,Hertha,1. FC Köln,0,1,A,0,1,A,10,12,4,2,10,16,6,3,4,2,0,0,2.9,3.9,2.15,2.95,4.0,2.15,2.88,3.9,2.15,2.85,4.12,2.2,2.8,3.9,2.15,2.87,3.98,2.21,2.95,4.2,2.22,2.85,4.01,2.17,2.96,4.3,2.24,1.4,2.88,1.42,2.93,1.42,3.0,1.4,2.85,1.43,3.0,0.25,1.93,1.93,1.91,1.96,1.97,1.97,1.89,1.92,1.96,1.99,2.63,3.6,2.45,2.7,3.6,2.4,2.7,3.6,2.3,2.76,3.69,2.5,2.62,3.75,2.3,2.65,3.66,2.49,2.87,3.75,2.5,2.74,3.66,2.38,2.9,3.8,2.52,1.57,2.35,1.58,2.49,1.59,2.52,1.55,2.41,1.63,2.56,0.0,2.0,1.85,2.05,1.85,2.1,1.85,2.06,1.8,2.14,1.86
D2,03/11/2024,12:30,Hamburger SV,Nurnberg,1,1,D,1,0,H,12,18,4,11,10,12,5,11,1,3,0,0,1.55,4.75,5.0,1.55,4.75,5.0,1.5,4.5,5.0,1.57,4.62,5.01,1.53,4.5,5.0,1.58,4.55,5.05,1.58,4.75,5.2,1.55,4.57,4.99,1.59,4.9,5.6,1.48,2.6,1.51,2.59,1.51,2.85,1.47,2.59,1.51,2.56,-1.0,1.9,1.95,1.93,1.92,1.96,2.0,1.9,1.91,,,1.67,4.33,4.2,1.7,4.2,4.33,1.7,4.0,4.33,1.7,4.29,4.52,1.65,4.2,4.2,1.67,4.4,4.42,1.72,4.6,4.7,1.68,4.29,4.4,1.77,4.4,4.7,1.48,2.6,1.53,2.63,1.53,2.76,1.49,2.58,1.56,2.74,-0.75,1.88,1.98,1.88,2.02,1.94,2.04,1.85,1.97,1.96,2.01
D2,08/11/2024,17:30,Braunschweig,Hamburger SV,3,1,H,1,0,H,18,24,4,7,9,18,3,7,3,2,0,0,3.1,3.5,2.2,3.0,3.6,2.2,3.0,3.6,2.2,3.1,3.73,2.26,2.88,3.7,2.15,3.03,3.76,2.19,3.12,3.76,2.3,3.0,3.64,2.21,3.25,3.85,2.3,1.6,2.3,1.64,2.36,1.64,2.4,1.6,2.31,1.68,2.44,0.25,1.9,1.95,1.93,1.96,1.95,2.0,1.88,1.92,1.98,2.0,3.25,3.4,2.15,3.25,3.6,2.1,3.1,3.6,2.1,3.27,3.68,2.19,3.1,3.7,2.05,3.55,3.51,2.06,3.55,3.76,2.2,3.24,3.62,2.12,3.45,3.8,2.2,1.7,2.1,1.71,2.22,1.71,2.35,1.64,2.23,1.72,2.36,0.25,1.98,1.88,1.99,1.91,2.08,1.91,1.99,1.84,2.07,1.91
D2,09/11/2024,12:00,1. FC Köln,Greuther Furth,1,0,H,0,0,D,23,4,2,1,9,7,10,4,2,4,0,0,1.38,5.0,7.0,1.39,5.25,7.0,1.33,5.0,7.0,1.37,5.67,7.44,1.35,5.0,7.0,1.37,5.4,7.2,1.4,5.8,7.46,1.37,5.32,7.04,1.39,5.8,7.4,1.4,2.88,1.41,3.02,1.42,3.03,1.39,2.89,1.43,3.0,-1.5,2.0,1.85,2.01,1.88,2.06,1.88,1.98,1.84,1.98,1.9,1.33,5.0,7.5,1.38,5.25,7.0,1.33,5.5,7.0,1.36,5.77,7.74,1.35,5.0,7.0,1.41,5.11,6.91,1.41,5.8,7.74,1.37,5.3,7.05,1.39,5.9,8.2,1.36,3.1,1.37,3.27,1.4,3.28,1.36,3.05,1.42,3.3,-1.5,1.9,1.95,1.93,1.95,2.05,1.98,1.96,1.87,2.03,1.93
D2,22/11/2024,17:30,Preußen Münster,1. FC Köln,0,1,A,0,0,D,9,11,1,4,7,7,3,5,3,1,0,0,4.33,3.9,1.73,4.33,3.9,1.77,4.33,3.9,1.73,4.5,4.08,1.76,4.2,3.9,1.7,4.25,3.98,1.77,4.51,4.09,1.8,4.33,3.91,1.75,4.6,4.1,1.82,1.67,2.15,1.68,2.27,1.72,2.35,1.67,2.19,1.72,2.36,0.75,1.88,1.98,1.92,1.97,1.95,2.02,1.86,1.94,1.93,2.03,4.33,3.8,1.75,4.2,3.8,1.8,4.33,3.8,1.73,4.47,4.02,1.78,4.2,3.9,1.73,4.54,3.85,1.74,4.54,4.1,1.8,4.31,3.89,1.76,4.7,4.0,1.82,1.67,2.15,1.68,2.27,1.72,2.35,1.66,2.21,1.74,2.34,0.75,1.88,1.98,1.9,2.0,1.95,2.03,1.85,1.96,1.96,2.01
D2,23/11/2024,19:30,Hamburger SV,Schalke 04,2,2,D,2,0,H,19,7,6,2,8,11,2,4,2,2,0,0,1.62,4.1,5.0,1.63,4.2,4.75,1.6,4.2,4.75,1.61,4.33,4.98,1.57,4.33,4.75,1.64,4.4,4.69,1.7,4.4,5.2,1.62,4.25,4.8,1.66,4.6,5.2,1.5,2.5,1.53,2.58,1.56,2.75,1.5,2.51,1.5,2.52,-1.0,2.03,1.83,2.05,1.83,2.09,1.85,2.02,1.8,2.02,1.8,1.63,4.1,4.5,1.71,4.1,4.33,1.67,3.8,4.2,1.69,4.13,4.72,1.73,4.0,4.0,1.72,4.03,4.52,1.78,4.3,4.73,1.72,4.06,4.29,1.78,4.2,4.8,1.5,2.5,1.55,2.7,1.58,2.7,1.51,2.53,1.58,2.72,-0.75,1.85,2.0,1.99,1.91,1.99,2.02,1.91,1.91,1.97,1.98
D2,30/11/2024,12:00,1. FC Köln,Hannover,2,2,D,0,1,A,15,5,3,3,15,10,10,4,1,1,0,1,1.73,3.8,4.5,1.78,3.8,4.2,1.73,3.9,4.5,1.74,3.93,4.49,1.7,4.0,4.2,1.75,4.0,4.38,1.81,4.1,4.6,1.74,3.9,4.39,1.77,4.1,4.7,1.67,2.15,1.7,2.21,1.78,2.25,1.69,2.16,1.7,2.22,-0.75,1.95,1.9,1.97,1.9,1.98,1.96,1.93,1.87,1.97,1.93,1.75,3.7,4.5,1.78,3.7,4.4,1.73,3.6,4.6,1.79,3.76,4.79,1.7,3.75,4.4,1.74,3.72,4.78,1.81,3.9,4.8,1.76,3.72,4.55,1.79,3.9,5.2,1.8,2.0,1.85,2.04,1.92,2.11,1.8,2.0,1.84,2.16,-0.75,2.0,1.85,2.02,1.88,2.06,1.92,1.97,1.85,2.01,1.95
D2,01/12/2024,12:30,Karlsruhe,Hamburger SV,1,3,A,1,1,D,18,19,4,8,8,8,7,7,4,4,0,0,2.5,3.5,2.63,2.45,3.75,2.6,2.45,3.6,2.63,2.54,3.67,2.62,2.38,3.75,2.6,2.48,3.84,2.55,2.54,3.85,2.65,2.46,3.65,2.59,2.5,3.75,2.74,1.53,2.4,1.53,2.54,1.58,2.65,1.51,2.47,1.5,2.32,0.0,1.88,1.98,1.9,1.95,1.91,2.02,1.87,1.96,,,2.3,3.6,2.8,2.35,3.75,2.75,2.3,3.5,2.6,2.34,3.8,2.92,2.3,3.75,2.62,2.27,3.66,2.95,2.56,3.86,2.95,2.37,3.68,2.72,2.52,3.9,2.84,1.44,2.7,1.47,2.81,1.5,2.95,1.44,2.72,1.51,2.94,-0.25,2.03,1.83,2.05,1.85,2.18,1.88,2.05,1.8,2.2,1.82
D2,08/12/2024,12:30,Hamburger SV,Darmstadt,2,2,D,2,1,H,16,19,7,6,11,8,2,8,2,4,0,0,1.95,3.7,3.5,1.93,4.0,3.5,2.0,3.8,3.3,1.94,4.05,3.46,1.91,3.9,3.3,,,,2.0,4.1,3.5,1.94,3.9,3.4,1.97,4.1,3.5,1.48,2.6,1.48,2.67,1.49,2.68,1.46,2.62,1.5,2.62,-0.5,1.98,1.88,1.95,1.9,1.99,1.93,1.94,1.86,1.97,1.9,1.9,3.7,3.7,1.93,3.9,3.5,1.85,3.6,3.5,1.99,3.88,3.66,1.91,3.9,3.4,1.97,3.73,3.63,1.99,4.08,3.8,1.92,3.84,3.55,2.0,4.0,3.9,1.48,2.6,1.5,2.71,1.53,2.73,1.48,2.58,1.54,2.8,-0.5,1.93,1.93,2.0,1.9,2.0,1.98,1.91,1.9,2.0,1.98
D2,08/12/2024,12:30,Regensburg,1. FC Köln,0,1,A,0,1,A,11,13,2,3,10,17,4,6,1,3,0,0,6.25,4.33,1.48,6.25,4.75,1.47,6.5,4.6,1.44,6.14,4.64,1.48,6.0,4.5,1.44,,,,6.5,4.75,1.5,6.1,4.54,1.47,6.8,4.7,1.5,1.65,2.2,1.65,2.26,1.67,2.31,1.63,2.24,1.59,2.1,1.25,1.8,2.05,1.8,2.07,1.85,2.09,1.8,2.03,1.71,1.94,6.25,4.1,1.5,6.0,4.4,1.51,6.5,4.2,1.4,6.4,4.6,1.51,6.0,4.5,1.44,6.36,4.17,1.53,6.6,4.7,1.53,6.13,4.43,1.49,7.2,4.6,1.53,1.67,2.15,1.72,2.21,1.78,2.25,1.69,2.14,1.76,2.28,1.0,2.03,1.83,2.06,1.84,2.14,1.89,2.04,1.81,2.1,1.89
D2,14/12/2024,12:00,Ulm,Hamburger SV,1,1,D,1,0,H,15,6,5,2,14,17,5,2,3,6,0,1,4.0,3.8,1.8,3.9,3.8,1.85,4.0,3.8,1.8,3.99,3.95,1.86,3.75,3.6,1.91,3.8,3.88,1.88,4.25,3.97,1.91,3.86,3.81,1.85,4.0,4.0,1.93,1.62,2.25,1.65,2.29,1.65,2.33,1.62,2.25,1.66,2.32,0.5,2.0,1.85,2.02,1.86,2.04,1.89,1.98,1.83,2.04,1.94,3.8,3.75,1.85,3.9,3.75,1.87,3.8,3.5,1.8,4.17,3.76,1.89,3.8,3.7,1.85,4.0,3.81,1.85,4.25,3.97,1.9,3.93,3.75,1.85,4.3,3.9,1.94,1.65,2.2,1.69,2.23,1.7,2.41,1.65,2.2,1.72,2.34,0.5,1.98,1.88,2.01,1.89,2.05,1.92,1.98,1.84,2.04,1.96
D2,15/12/2024,12:30,1. FC Köln,Nurnberg,3,1,H,3,0,H,14,17,5,4,13,11,3,4,4,2,0,0,1.62,4.0,5.0,1.65,4.2,4.8,1.62,4.0,4.75,1.63,4.22,4.95,1.67,4.0,4.6,1.68,4.2,4.56,1.68,4.23,5.0,1.64,4.12,4.74,1.66,4.5,5.3,1.57,2.35,1.59,2.4,1.59,2.5,1.56,2.35,1.61,2.44,-0.75,1.8,2.05,1.81,2.06,1.83,2.11,1.79,2.0,1.81,2.12,1.57,4.2,5.0,1.58,4.4,5.0,1.47,4.1,5.0,1.58,4.51,5.56,1.57,4.33,5.0,1.61,4.29,5.1,1.61,4.59,5.57,1.57,4.34,5.14,1.61,4.6,6.0,1.44,2.7,1.45,2.86,1.55,2.87,1.45,2.69,1.52,2.92,-1.0,1.93,1.93,1.94,1.94,2.03,1.98,1.93,1.89,1.97,2.02
D2,21/12/2024,12:00,Hamburger SV,Greuther Furth,5,0,H,3,0,H,14,5,9,3,16,7,3,4,2,1,0,0,1.57,4.33,5.0,1.6,4.4,5.0,1.53,4.33,5.0,1.6,4.51,5.14,1.6,4.33,4.8,1.59,4.5,4.97,1.6,4.52,5.16,1.58,4.36,4.97,1.62,4.8,5.4,1.53,2.4,1.56,2.52,1.56,2.7,1.51,2.48,1.53,2.48,-1.0,1.98,1.88,1.99,1.89,2.0,1.91,1.96,1.86,1.94,1.82,1.5,5.0,5.25,1.51,4.8,5.25,1.44,4.5,5.0,1.53,4.94,5.63,1.5,4.6,5.0,1.5,5.02,5.27,1.58,5.02,5.64,1.51,4.74,5.24,1.56,5.0,5.9,1.33,3.4,1.35,3.36,1.43,3.4,1.34,3.15,1.38,3.5,-1.0,1.75,2.05,1.8,2.11,1.93,2.14,1.81,2.05,1.86,2.12
D2,22/12/2024,12:30,Kaiserslautern,1. FC Köln,0,1,A,0,1,A,10,12,4,7,8,10,10,5,2,3,0,0,4.0,3.8,1.8,3.8,3.9,1.85,4.0,3.8,1.8,4.04,3.85,1.84,3.8,3.75,1.85,3.87,3.94,1.85,4.05,3.95,1.87,3.88,3.82,1.83,4.1,4.1,1.91,1.57,2.35,1.61,2.35,1.61,2.39,1.57,2.34,1.56,2.42,0.5,2.03,1.83,2.01,1.85,2.08,1.87,1.99,1.82,2.07,1.91,3.3,3.6,2.05,3.6,3.7,1.98,3.4,3.5,1.91,3.55,3.77,2.06,3.5,3.6,1.95,3.43,3.76,2.02,3.66,3.8,2.08,3.46,3.67,1.99,3.85,3.85,2.06,1.57,2.35,1.6,2.44,1.61,2.44,1.57,2.35,1.65,2.52,0.5,1.75,2.05,1.85,2.06,1.9,2.09,1.83,1.98,1.92,2.06
D2,18/01/2025,19:30,Hamburger SV,1. FC Köln,1,0,H,0,0,D,14,7,5,1,14,16,6,6,3,4,0,0,2.55,3.75,2.45,2.55,3.8,2.5,2.63,3.5,2.45,2.64,3.72,2.5,2.5,3.6,2.45,2.59,3.8,2.46,2.64,3.8,2.55,2.57,3.68,2.46,2.66,3.8,2.6,1.57,2.35,1.58,2.43,1.58,2.45,1.54,2.38,1.59,2.52,0.0,1.98,1.88,1.99,1.88,2.01,1.91,1.94,1.87,1.99,1.93,2.3,3.8,2.7,2.35,3.7,2.8,2.25,3.5,2.7,2.38,3.71,2.91,2.3,3.6,2.8,2.34,3.84,2.74,2.48,3.84,2.91,2.33,3.68,2.77,2.42,3.85,2.98,1.53,2.4,1.58,2.49,1.58,2.55,1.51,2.47,1.58,2.7,-0.25,2.05,1.8,2.07,1.83,2.1,1.87,2.03,1.78,2.12,1.87
D2,25/01/2025,12:00,1. FC Köln,Elversberg,1,0,H,0,0,D,14,6,3,1,14,14,6,6,1,6,0,1,1.7,4.5,4.1,1.7,4.2,4.33,1.62,4.33,4.33,1.69,4.45,4.27,1.7,4.0,4.33,1.69,4.3,4.42,1.72,4.5,4.42,1.68,4.3,4.26,1.71,4.5,4.6,1.53,2.4,1.53,2.54,1.53,2.55,1.5,2.47,1.55,2.56,-0.75,1.88,1.98,1.87,2.0,1.91,2.0,1.84,1.94,1.87,2.01,1.8,4.0,4.0,1.73,4.1,4.2,1.75,3.8,4.2,1.83,4.01,4.22,1.8,3.8,4.0,1.78,4.01,4.18,1.83,4.5,4.27,1.78,3.99,4.09,1.87,4.0,4.4,1.6,2.3,1.64,2.35,1.64,2.53,1.57,2.35,1.66,2.46,-0.75,2.03,1.83,2.05,1.85,2.08,1.98,1.96,1.86,2.09,1.87
D2,25/01/2025,19:30,Hertha,Hamburger SV,2,3,A,0,1,A,12,10,4,5,10,10,8,4,1,4,0,0,2.6,3.8,2.4,2.65,3.8,2.4,2.7,3.75,2.38,2.66,3.83,2.43,2.62,3.75,2.4,2.65,3.9,2.38,2.7,4.0,2.44,2.63,3.8,2.38,2.64,4.0,2.54,1.48,2.6,1.49,2.67,1.49,2.7,1.45,2.63,1.5,2.76,0.0,2.03,1.83,2.03,1.85,2.05,1.88,2.0,1.83,2.0,1.92,2.7,3.8,2.3,2.75,3.75,2.35,2.63,3.5,2.25,2.83,3.81,2.39,2.75,3.7,2.3,2.64,3.86,2.42,2.85,3.86,2.58,2.7,3.72,2.37,2.9,3.85,2.48,1.48,2.6,1.51,2.66,1.51,2.66,1.48,2.58,1.55,2.76,0.25,1.8,2.05,1.82,2.09,1.83,2.17,1.76,2.08,1.84,2.17
D2,01/02/2025,12:00,Braunschweig,1. FC Köln,1,2,A,1,2,A,14,14,4,6,11,8,10,4,4,2,0,0,4.5,4.0,1.67,4.75,3.9,1.7,4.75,3.9,1.67,5.0,4.11,1.68,4.6,3.8,1.7,4.7,4.1,1.68,5.01,4.13,1.71,4.72,3.96,1.67,5.2,4.1,1.72,1.73,2.08,1.74,2.17,1.8,2.17,1.72,2.1,1.78,2.14,0.75,2.0,1.85,2.02,1.86,2.02,1.93,1.95,1.85,2.01,1.91,4.1,3.5,1.85,4.1,3.5,1.87,4.33,3.5,1.8,4.37,3.64,1.88,4.0,3.5,1.85,4.34,3.56,1.85,4.72,3.83,1.92,4.22,3.56,1.84,4.6,3.7,1.93,1.93,1.93,1.93,1.95,2.01,1.97,1.91,1.88,1.98,2.0,0.5,1.98,1.88,2.02,1.88,2.05,1.92,1.99,1.85,2.06,1.93
D2,02/02/2025,12:30,Hamburger SV,Hannover,2,2,D,1,0,H,19,16,4,4,11,17,6,3,4,2,0,0,1.91,3.7,3.75,1.93,3.6,3.8,1.95,3.6,3.75,1.93,3.7,3.85,1.91,3.6,3.7,1.91,3.82,3.74,1.98,3.82,3.86,1.92,3.65,3.72,1.98,3.85,4.0,1.67,2.15,1.69,2.2,1.72,2.21,1.68,2.15,1.7,2.24,-0.5,1.93,1.93,1.93,1.92,1.98,1.98,1.93,1.9,1.98,1.98,2.25,3.6,2.9,2.25,3.5,3.0,2.2,3.25,2.88,2.29,3.59,3.15,2.25,3.4,2.9,2.21,3.65,3.06,2.36,3.78,3.74,2.25,3.52,3.02,2.4,3.6,3.25,1.6,2.3,1.66,2.32,1.67,2.37,1.62,2.26,1.7,2.38,-0.25,1.98,1.88,1.99,1.91,2.07,2.2,1.94,1.9,2.07,1.93
D2,07/02/2025,17:30,Preußen Münster,Hamburger SV,1,2,A,1,1,D,5,14,2,7,7,14,3,7,3,2,0,0,3.6,3.75,1.95,3.5,3.7,1.98,3.5,3.7,1.91,3.66,3.88,1.99,3.5,3.6,2.0,3.61,3.82,1.95,3.7,3.9,2.06,3.55,3.74,1.95,3.75,3.95,2.04,1.67,2.15,1.69,2.25,1.72,2.29,1.66,2.19,1.73,2.32,0.5,1.88,1.98,1.9,2.0,1.92,2.06,1.85,1.95,1.93,2.04,3.3,3.6,2.05,3.3,3.5,2.1,3.4,3.4,2.0,3.46,3.6,2.14,3.3,3.5,2.1,3.49,3.65,2.03,3.5,3.8,2.15,3.37,3.55,2.07,3.65,3.75,2.14,1.8,2.0,1.81,2.08,1.83,2.23,1.75,2.06,1.85,2.16,0.25,2.0,1.85,2.04,1.86,2.08,1.89,2.01,1.81,2.12,1.87
D2,09/02/2025,12:30,1. FC Köln,Schalke 04,1,0,H,1,0,H,12,11,3,2,14,6,4,4,3,0,0,0,1.73,4.1,4.1,1.75,4.0,4.2,1.73,3.9,4.33,1.76,4.05,4.21,1.75,3.9,4.0,1.77,4.1,4.15,1.77,4.1,4.33,1.74,3.94,4.13,1.76,4.2,4.4,1.57,2.35,1.59,2.4,1.62,2.42,1.58,2.34,1.59,2.5,-0.75,1.98,1.88,1.98,1.87,2.02,1.92,1.93,1.86,,,1.85,3.8,3.7,1.85,3.75,4.0,1.75,3.6,3.9,1.89,3.76,4.17,1.85,3.75,3.8,1.79,4.06,4.02,1.92,4.06,4.3,1.83,3.76,4.03,1.89,3.9,4.5,1.67,2.15,1.71,2.22,1.74,2.38,1.65,2.21,1.75,2.3,-0.5,1.88,1.98,1.89,2.01,1.92,2.05,1.83,1.98,1.9,2.1
D2,14/02/2025,17:30,Magdeburg,1. FC Köln,3,0,H,0,0,D,10,14,5,5,7,11,3,14,0,2,0,0,2.2,3.6,3.0,,,,2.2,3.4,3.0,2.28,3.66,3.11,2.25,3.5,2.9,2.24,3.65,3.02,2.31,3.68,3.16,2.23,3.54,2.99,2.34,3.75,3.2,1.57,2.35,1.62,2.41,1.62,2.42,1.59,2.34,1.65,2.5,-0.25,1.95,1.9,1.99,1.91,2.02,1.94,1.94,1.86,2.03,1.95,2.2,3.6,3.0,,,,2.2,3.5,2.9,2.27,3.63,3.15,2.25,3.5,2.9,2.3,3.64,2.92,2.31,3.7,3.15,2.24,3.55,2.99,2.32,3.8,3.2,1.62,2.25,1.64,2.36,1.65,2.4,1.59,2.33,1.66,2.48,-0.25,1.93,1.93,1.97,1.92,2.0,1.95,1.95,1.87,2.02,1.96
D2,16/02/2025,12:30,Regensburg,Hamburger SV,1,1,D,1,0,H,15,14,4,6,19,15,9,7,1,5,0,1,5.0,4.0,1.62,,,,5.0,4.0,1.6,5.22,4.22,1.61,5.0,3.9,1.65,5.15,4.25,1.61,5.3,4.3,1.65,5.01,4.04,1.61,5.4,4.2,1.65,1.7,2.1,1.7,2.18,1.75,2.32,1.67,2.16,1.58,2.22,0.75,2.05,1.8,2.1,1.76,2.11,1.85,2.04,1.76,2.05,1.78,5.5,4.1,1.55,,,,5.0,3.9,1.6,5.72,4.31,1.59,5.0,4.0,1.6,5.83,4.17,1.56,5.83,4.33,1.65,5.31,4.11,1.59,6.0,4.3,1.65,1.62,2.25,1.66,2.31,1.7,2.33,1.63,2.26,1.73,2.34,1.0,1.9,1.95,1.91,1.99,1.95,2.08,1.84,1.98,1.93,2.04
D2,21/02/2025,17:30,Hamburger SV,Kaiserslautern,3,0,H,1,0,H,15,13,8,2,11,7,11,2,1,1,0,0,1.58,3.9,5.25,,,,1.57,4.0,5.0,1.65,3.98,5.63,1.62,4.0,4.8,1.64,4.15,4.98,1.65,4.3,5.65,1.62,3.92,5.21,1.67,4.3,5.8,1.5,2.5,1.52,2.64,1.52,2.7,1.49,2.57,1.53,2.82,-1.0,2.05,1.8,2.06,1.84,2.14,1.85,2.03,1.79,2.11,1.87,1.7,3.8,4.75,,,,1.67,3.8,4.75,1.72,3.93,4.99,1.7,3.9,4.5,1.72,3.83,4.79,1.73,4.15,5.1,1.69,3.85,4.77,1.77,4.2,5.0,1.48,2.6,1.51,2.66,1.57,2.7,1.49,2.58,1.54,2.82,-0.75,1.88,1.98,1.91,1.99,1.92,2.02,1.86,1.96,1.96,2.03
D2,23/02/2025,12:30,1. FC Köln,Fortuna Dusseldorf,1,1,D,0,0,D,16,10,4,3,13,7,7,0,2,4,0,0,1.85,3.6,4.0,,,,1.85,3.75,3.9,1.85,3.76,4.09,1.85,3.7,3.8,1.87,3.86,3.89,1.88,3.9,4.2,1.85,3.7,3.93,1.79,1.03,4.1,1.67,2.15,1.71,2.17,1.73,2.23,1.68,2.15,1.6,2.0,-0.5,1.88,1.98,1.86,2.0,1.9,2.02,1.84,1.95,1.79,2.0,1.9,3.6,3.8,,,,1.87,3.6,3.9,1.96,3.58,4.08,1.91,3.6,3.8,1.89,3.65,4.01,1.97,3.7,4.1,1.91,3.55,3.9,1.99,3.8,4.2,1.73,2.08,1.76,2.14,1.77,2.22,1.69,2.16,1.76,2.26,-0.5,1.93,1.93,1.96,1.93,1.98,1.96,1.92,1.89,1.99,2.0
D2,01/03/2025,19:30,Karlsruhe,1. FC Köln,1,0,H,0,0,D,6,11,1,5,16,15,3,2,4,3,0,0,3.0,3.6,2.2,,,,3.0,3.5,2.2,3.08,3.62,2.23,3.0,3.5,2.2,3.03,3.74,2.2,3.2,3.74,2.26,3.02,3.56,2.19,3.25,3.7,2.3,1.58,2.25,1.66,2.27,1.67,2.29,1.62,2.25,1.68,2.3,0.25,1.9,1.95,1.91,1.96,1.96,2.0,1.88,1.91,1.95,1.99,3.6,3.5,2.0,,,,3.6,3.4,2.0,3.63,3.61,2.08,3.5,3.4,2.05,3.79,3.54,1.98,3.79,3.65,2.09,3.57,3.48,2.03,3.85,3.65,2.12,1.83,2.03,1.84,2.05,1.95,2.09,1.81,2.0,1.87,2.12,0.5,1.83,2.03,1.83,2.08,1.88,2.1,1.79,2.03,1.88,2.12
D2,02/03/2025,12:30,Paderborn,Hamburger SV,2,0,H,1,0,H,15,15,5,4,13,11,9,3,2,1,0,0,2.55,3.5,2.6,,,,2.5,3.5,2.63,2.55,3.54,2.67,2.5,3.5,2.62,2.5,3.7,2.6,2.6,3.7,2.7,2.48,3.48,2.62,2.38,3.3,2.72,1.62,2.25,1.65,2.28,1.68,2.32,1.62,2.25,1.57,2.2,0.0,1.9,1.95,1.88,1.97,1.94,1.99,1.85,1.95,,,2.25,3.5,2.9,,,,2.15,3.4,2.88,2.31,3.65,3.05,2.3,3.5,2.8,2.41,3.54,2.82,2.42,3.69,3.06,2.3,3.53,2.89,2.42,3.75,3.1,1.62,2.25,1.66,2.31,1.74,2.36,1.63,2.25,1.67,2.44,-0.25,2.0,1.85,2.02,1.88,2.15,1.9,2.01,1.81,2.08,1.89
D2,08/03/2025,12:00,Ulm,1. FC Köln,0,1,A,0,0,D,15,13,1,3,9,11,3,7,0,1,0,0,3.75,3.4,2.0,,,,3.9,3.2,2.0,3.99,3.38,2.03,3.75,3.3,2.0,3.81,3.48,1.99,4.1,3.48,2.03,3.84,3.34,1.99,4.0,3.35,2.08,2.08,1.73,2.17,1.74,2.17,1.77,2.09,1.72,2.2,1.76,0.5,1.83,2.03,1.85,2.04,1.87,2.04,1.82,1.98,1.89,2.08,3.4,3.3,2.15,,,,3.5,3.1,2.1,3.61,3.33,2.19,3.6,3.25,2.05,3.57,3.33,2.12,3.67,3.35,2.2,3.55,3.27,2.12,3.7,3.55,2.2,2.08,1.73,2.12,1.76,2.15,1.8,2.09,1.73,2.18,1.83,0.25,2.0,1.85,2.03,1.88,2.07,1.89,2.0,1.82,2.09,1.9
D2,08/03/2025,19:30,Hamburger SV,Fortuna Dusseldorf,4,1,H,2,1,H,18,9,9,1,11,9,8,3,1,4,0,0,1.73,4.0,4.2,,,,1.73,4.0,4.33,1.76,4.1,4.18,1.75,4.0,4.2,1.76,4.15,4.14,1.78,4.25,4.33,1.75,4.03,4.09,1.81,4.1,4.6,1.53,2.4,1.55,2.53,1.56,2.6,1.53,2.44,1.57,2.6,-0.75,1.98,1.88,1.99,1.88,2.0,1.89,1.94,1.84,2.01,1.9,1.7,4.0,4.33,,,,1.7,3.9,4.33,1.7,4.1,4.88,1.73,4.0,4.2,1.7,4.06,4.58,1.75,4.25,4.89,1.71,4.02,4.47,1.75,4.2,5.0,1.57,2.35,1.57,2.47,1.61,2.6,1.55,2.41,1.62,2.58,-0.75,1.88,1.98,1.89,2.01,1.93,2.02,1.88,1.93,1.94,2.02
D2,14/03/2025,17:30,Magdeburg,Hamburger SV,0,3,A,0,2,A,16,14,2,6,6,8,3,3,1,2,0,0,2.45,3.6,2.7,,,,2.4,3.5,2.63,2.5,3.78,2.71,2.45,3.6,2.62,2.46,3.64,2.67,2.51,3.8,2.8,2.43,3.63,2.68,2.56,3.8,2.82,1.5,2.5,1.53,2.59,1.55,2.63,1.51,2.46,1.55,2.72,0.0,1.83,2.03,1.87,2.03,1.88,2.07,1.81,2.0,1.89,2.1,2.5,3.6,2.63,,,,2.4,3.5,2.7,2.53,3.72,2.71,2.45,3.5,2.62,2.51,3.51,2.71,2.55,3.73,2.75,2.47,3.6,2.66,2.62,3.8,2.78,1.53,2.4,1.56,2.56,1.56,2.56,1.53,2.44,1.6,2.62,0.0,1.88,1.98,1.88,2.02,1.89,2.04,1.84,1.97,1.93,2.05
D2,15/03/2025,19:30,1. FC Köln,Darmstadt,2,1,H,1,1,D,20,9,6,5,13,12,6,3,1,3,0,1,2.0,3.5,3.6,,,,2.0,3.4,3.6,1.99,3.52,3.81,2.0,3.4,3.6,2.0,3.52,3.72,2.04,3.62,3.9,1.99,3.49,3.66,2.02,3.5,3.85,1.93,1.93,1.95,1.9,1.96,1.99,1.89,1.89,1.95,1.94,-0.5,2.03,1.83,2.01,1.86,2.06,1.87,1.99,1.81,2.02,1.86,1.83,3.6,4.1,,,,1.8,3.4,3.9,1.89,3.62,4.37,1.91,3.4,4.0,1.86,3.65,4.16,1.92,3.65,4.4,1.86,3.55,4.14,1.95,3.75,4.4,1.95,1.9,1.96,1.93,2.04,1.96,1.89,1.9,1.99,1.98,-0.5,1.88,1.98,1.89,2.01,1.9,2.05,1.86,1.94,1.95,2.03
D2,28/03/2025,17:30,Hamburger SV,Elversberg,0,0,D,0,0,D,15,14,3,3,12,10,8,4,0,3,0,0,1.73,4.0,4.2,,,,1.73,4.0,4.33,1.74,4.08,4.56,,,,1.74,3.92,4.53,1.77,4.08,4.9,1.74,3.94,4.29,1.77,4.2,4.8,1.57,2.35,1.58,2.43,1.58,2.43,1.56,2.35,1.61,2.44,-0.75,1.95,1.9,1.95,1.93,1.97,1.95,1.91,1.88,1.97,1.97,1.8,4.1,3.7,,,,1.73,3.8,4.2,1.85,3.96,4.12,,,,1.8,4.07,3.98,1.86,4.1,4.6,1.79,3.92,4.07,1.85,4.2,4.5,1.48,2.6,1.51,2.66,1.55,2.67,1.51,2.5,1.57,2.7,-0.75,2.03,1.78,2.09,1.8,2.09,1.87,2.0,1.81,2.07,1.92
D2,29/03/2025,12:00,Paderborn,1. FC Köln,1,2,A,1,1,D,23,18,8,7,14,12,6,6,3,1,0,0,2.25,3.3,3.2,,,,2.3,3.3,2.9,2.28,3.53,3.17,,,,2.27,3.5,3.07,2.3,3.53,3.2,2.25,3.43,3.05,2.34,3.45,3.35,1.93,1.93,1.94,1.93,1.95,1.93,1.91,1.87,1.94,1.94,-0.25,1.98,1.88,1.98,1.91,1.98,1.92,1.93,1.85,2.01,1.96,2.0,3.6,3.5,,,,2.0,3.6,3.3,2.06,3.5,3.8,,,,2.06,3.53,3.54,2.07,3.6,3.81,2.02,3.52,3.57,2.1,3.65,3.9,1.8,2.0,1.82,2.05,1.82,2.16,1.78,2.01,1.89,2.08,-0.5,2.03,1.83,2.06,1.84,2.07,1.85,2.02,1.79,2.1,1.89
D2,05/04/2025,12:00,Nurnberg,Hamburger SV,0,3,A,0,2,A,9,24,3,8,5,10,7,7,4,2,1,0,3.1,3.75,2.1,,,,3.1,3.6,2.1,3.24,3.71,2.13,,,,3.18,3.78,2.11,3.3,3.78,2.15,3.16,3.69,2.1,3.35,3.9,2.2,1.62,2.25,1.62,2.35,1.62,2.38,1.59,2.27,1.63,2.38,0.25,2.0,1.85,2.0,1.87,2.0,1.92,1.96,1.82,2.06,1.91,3.7,4.1,1.8,,,,3.3,3.5,1.91,4.19,4.05,1.85,,,,3.92,4.17,1.79,4.2,4.17,1.91,3.89,3.94,1.82,4.2,4.3,1.88,1.5,2.5,1.54,2.62,1.54,2.66,1.5,2.52,1.56,2.7,0.5,2.03,1.83,2.08,1.81,2.09,1.85,2.0,1.81,2.12,1.88
D2,05/04/2025,19:30,1. FC Köln,Hertha,0,1,A,0,0,D,15,17,4,5,11,8,7,5,1,4,0,0,2.05,3.6,3.4,,,,2.1,3.6,3.3,2.05,3.7,3.42,,,,2.07,3.65,3.4,2.1,3.7,3.6,2.06,3.58,3.34,2.1,3.7,3.8,1.83,2.03,1.83,2.03,1.84,2.03,1.8,1.98,1.87,2.04,-0.25,1.75,2.05,1.8,2.07,1.8,2.11,1.78,2.01,1.81,2.17,2.1,3.7,3.2,,,,1.95,3.5,3.3,2.13,3.75,3.37,,,,2.06,3.72,3.35,2.13,3.76,3.4,2.09,3.65,3.24,2.16,3.9,3.5,1.62,2.25,1.68,2.29,1.68,2.33,1.63,2.24,1.71,2.36,-0.25,1.85,2.0,1.85,2.05,1.9,2.05,1.83,1.99,1.9,2.07
D2,11/04/2025,17:30,Greuther Furth,1. FC Köln,1,1,D,1,1,D,16,14,7,5,18,15,5,5,1,6,0,0,3.75,3.4,2.0,,,,3.4,3.4,2.05,3.71,3.63,2.05,,,,3.58,3.52,2.05,3.75,3.64,2.09,3.57,3.46,2.03,3.85,3.7,2.12,1.85,1.95,1.88,2.0,1.9,2.02,1.83,1.96,1.92,2.06,0.5,1.83,2.03,1.85,2.05,1.86,2.09,1.79,2.02,1.88,2.12,3.6,3.6,2.0,,,,3.4,3.4,2.05,3.63,3.74,2.04,,,,3.79,3.54,1.98,3.79,3.75,2.06,3.56,3.55,2.01,3.85,3.8,2.08,1.63,2.15,1.71,2.22,1.8,2.26,1.71,2.12,1.79,2.24,0.5,1.77,1.97,1.86,2.04,1.91,2.05,1.8,2.0,1.91,2.08
D2,11/04/2025,17:30,Hamburger SV,Braunschweig,2,4,A,0,2,A,11,16,5,5,15,7,5,4,3,4,0,0,1.4,4.75,7.0,,,,1.33,5.0,7.0,1.39,5.4,7.55,,,,1.41,5.1,6.8,1.43,5.41,7.56,1.39,5.05,6.97,1.4,5.7,8.4,1.4,2.88,1.41,3.03,1.42,3.03,1.4,2.83,1.47,3.05,-1.5,2.03,1.78,2.07,1.83,2.08,1.84,2.02,1.79,2.1,1.85,1.38,4.75,7.0,,,,1.33,5.0,7.0,1.39,5.36,7.84,,,,1.4,4.86,7.47,1.41,5.4,7.85,1.38,5.08,7.09,1.4,5.9,8.4,1.37,2.87,1.41,3.03,1.42,3.03,1.39,2.89,1.46,3.1,-1.5,1.97,1.77,2.06,1.84,2.07,1.87,1.99,1.82,2.08,1.91
D2,19/04/2025,19:30,Schalke 04,Hamburger SV,2,2,D,1,2,A,12,26,3,12,8,12,4,2,3,3,1,0,3.4,3.7,2.0,,,,3.3,3.75,2.0,3.36,3.74,2.06,,,,3.26,3.74,2.09,3.4,4.0,2.09,3.22,3.77,2.04,3.3,4.0,2.1,1.53,2.4,1.54,2.53,1.54,2.63,1.5,2.47,1.55,2.6,0.25,2.05,1.75,2.05,1.81,2.06,1.82,1.99,1.78,,,3.0,3.7,2.2,,,,2.8,3.6,2.1,3.07,3.84,2.24,,,,3.14,3.72,2.15,3.14,4.0,2.31,2.93,3.75,2.2,3.2,3.95,2.28,1.44,2.7,1.47,2.81,1.47,2.82,1.45,2.71,1.51,2.92,0.25,1.93,1.93,1.93,1.95,1.97,1.97,1.9,1.91,1.99,1.99
D2,20/04/2025,12:30,1. FC Köln,Preußen Münster,3,1,H,2,1,H,19,9,7,4,15,13,5,12,1,1,0,0,1.6,4.0,5.25,,,,1.6,4.0,5.0,1.61,4.23,5.16,,,,1.62,4.25,5.05,1.62,4.25,5.25,1.6,4.12,5.02,1.04,1.1,1.04,1.67,2.15,1.67,2.23,1.68,2.23,1.66,2.17,,,-1.0,2.05,1.8,2.05,1.82,2.07,1.82,2.02,1.78,,,1.42,4.75,6.5,,,,1.5,4.0,5.0,1.43,5.13,6.97,,,,1.44,4.82,6.6,1.5,5.14,6.98,1.43,4.8,6.42,1.46,5.4,7.4,1.48,2.6,1.49,2.74,1.5,2.74,1.47,2.61,1.55,2.78,-1.25,1.88,1.98,1.91,1.99,1.92,2.16,1.87,1.95,1.94,2.05
D2,27/04/2025,12:30,Hamburger SV,Karlsruhe,1,2,A,1,2,A,13,11,5,4,15,14,4,1,1,5,0,0,1.5,4.75,5.25,,,,1.47,4.6,5.5,1.51,4.83,5.5,,,,1.5,4.9,5.5,1.51,4.91,5.75,1.49,4.79,5.39,1.55,5.1,5.7,1.4,2.88,1.38,3.05,1.4,3.05,1.37,2.92,1.43,3.05,-1.25,2.03,1.83,2.04,1.83,2.11,1.83,2.0,1.79,1.95,1.83,1.5,5.0,5.25,,,,1.44,4.6,5.0,1.52,4.92,5.71,,,,1.5,5.02,5.27,1.52,5.02,5.75,1.49,4.84,5.31,1.56,5.0,6.0,1.33,3.4,1.37,3.21,1.37,3.42,1.34,3.15,1.42,3.35,-1.25,2.03,1.83,2.05,1.85,2.05,1.87,2.01,1.81,2.1,1.89
D2,27/04/2025,12:30,Hannover,1. FC Köln,1,0,H,0,0,D,17,10,6,1,16,15,5,4,5,4,0,1,3.3,3.4,2.15,,,,3.1,3.5,2.15,3.32,3.48,2.17,,,,3.29,3.44,2.19,3.32,3.5,2.2,3.21,3.43,2.16,3.3,3.7,2.18,1.7,2.1,1.69,2.2,1.7,2.21,1.67,2.16,1.72,2.24,0.25,1.98,1.88,1.96,1.88,1.98,1.9,1.92,1.86,2.0,1.88,3.75,3.7,1.91,,,,3.4,3.5,1.9,3.78,3.86,1.96,,,,3.94,3.73,1.89,3.94,3.86,2.27,3.58,3.64,1.98,3.8,3.95,2.04,1.53,2.4,1.56,2.51,1.58,2.51,1.56,2.39,1.6,2.6,0.5,1.9,1.95,1.93,1.96,1.94,2.0,1.84,1.97,1.94,2.04
D2,03/05/2025,12:00,Darmstadt,Hamburger SV,0,4,A,0,1,A,21,10,2,6,9,21,4,5,3,3,0,0,2.87,3.6,2.25,,,,2.88,3.7,2.2,2.9,3.91,2.28,,,,2.87,3.84,2.26,2.9,3.95,2.28,2.85,3.81,2.22,2.96,4.0,2.36,1.44,2.7,1.46,2.78,1.47,2.88,1.43,2.69,1.47,2.88,0.25,1.85,2.0,1.88,2.01,1.88,2.05,1.84,1.94,1.89,2.06,3.0,3.75,2.1,,,,3.0,3.6,2.0,3.23,3.85,2.15,,,,3.2,3.83,2.09,3.24,3.9,2.2,3.08,3.81,2.1,3.3,4.0,2.2,1.44,2.7,1.43,2.91,1.45,2.93,1.41,2.82,1.47,3.05,0.25,1.98,1.88,2.02,1.88,2.03,1.9,1.98,1.84,2.04,1.94
D2,03/05/2025,19:30,1. FC Köln,Regensburg,1,1,D,0,0,D,22,5,5,4,9,18,8,1,0,1,0,0,1.27,5.75,8.5,,,,1.25,5.5,10.5,1.29,5.94,9.26,,,,1.3,5.8,9.2,1.3,6.0,10.5,1.28,5.69,9.01,1.3,6.2,11.0,1.44,2.6,1.48,2.69,1.48,2.7,1.46,2.59,1.51,2.72,-1.5,1.83,2.03,1.83,2.05,1.85,2.05,1.8,1.99,1.84,2.04,1.22,6.5,10.0,,,,1.13,6.5,13.0,1.2,7.18,14.23,,,,1.24,6.63,10.6,1.24,7.31,14.5,1.2,6.65,12.3,1.22,8.0,18.0,1.4,2.88,1.43,2.89,1.45,2.95,1.41,2.8,1.46,3.1,-2.0,2.0,1.85,2.04,1.85,2.05,1.91,1.98,1.83,2.03,1.93
D2,09/05/2025,17:30,Nurnberg,1. FC Köln,1,2,A,0,0,D,5,23,1,4,11,7,0,8,4,1,0,0,5.25,4.33,1.54,,,,4.5,4.0,1.67,5.55,4.45,1.58,,,,5.3,4.35,1.58,5.55,4.5,1.67,5.17,4.33,1.57,4.7,4.3,1.73,1.5,2.5,1.53,2.61,1.53,2.61,1.49,2.51,1.56,2.56,1.0,1.87,1.87,1.94,1.94,1.96,1.96,1.88,1.91,,,6.5,4.75,1.42,,,,6.0,4.6,1.4,7.35,5.0,1.43,,,,6.07,4.8,1.47,7.35,5.0,1.53,6.35,4.77,1.44,7.0,5.3,1.48,1.5,2.5,1.52,2.63,1.52,2.8,1.48,2.6,1.56,2.74,1.25,1.98,1.88,2.01,1.88,2.01,1.98,1.9,1.91,1.95,2.01
D2,10/05/2025,19:30,Hamburger SV,Ulm,6,1,H,3,1,H,15,17,10,4,10,5,3,6,3,1,0,0,1.4,5.0,6.5,,,,1.33,5.0,7.0,1.39,5.14,7.28,,,,1.39,5.15,7.2,1.4,5.15,7.5,1.38,4.99,6.84,1.39,3.25,3.25,1.48,2.6,1.52,2.6,1.52,2.6,1.48,2.52,,,-1.25,1.85,2.0,1.86,2.01,1.86,2.03,1.83,1.95,,,1.36,5.75,6.5,,,,1.33,5.0,7.0,1.37,5.68,7.71,,,,1.37,5.79,6.82,1.38,5.79,7.75,1.35,5.52,7.07,1.4,5.8,8.4,1.33,3.4,1.33,3.48,1.33,3.48,1.32,3.32,1.37,3.55,-1.5,1.95,1.9,1.96,1.93,1.98,1.97,1.91,1.91,1.99,1.99
D2,18/05/2025,14:30,1. FC Köln,Kaiserslautern,4,0,H,2,0,H,20,8,10,4,10,13,6,5,0,2,0,0,1.48,4.75,5.75,,,,1.47,4.6,5.5,1.47,4.67,6.0,,,,1.48,4.85,5.85,1.49,4.85,6.0,1.47,4.7,5.71,1.52,5.0,6.0,1.44,2.7,1.44,2.72,1.44,2.88,1.42,2.72,1.39,3.25,-1.25,1.98,1.83,2.0,1.85,2.0,1.85,1.96,1.8,,,1.45,5.0,5.75,,,,1.4,4.75,6.0,1.48,4.92,5.98,,,,1.46,5.05,5.81,1.48,5.2,6.2,1.45,4.92,5.87,1.51,5.3,6.4,1.4,2.88,1.4,3.02,1.4,3.05,1.38,2.96,1.42,3.3,-1.25,1.9,1.9,1.91,1.98,1.95,1.98,1.91,1.91,2.0,1.98
D2,18/05/2025,14:30,Greuther Furth,Hamburger SV,3,2,H,1,0,H,12,15,4,5,13,13,4,7,4,1,0,0,2.8,3.8,2.2,,,,2.7,4.2,2.2,2.67,4.46,2.18,,,,2.72,4.33,2.21,2.89,4.48,2.21,2.72,4.2,2.17,2.82,4.4,2.34,1.4,2.88,1.37,3.01,1.4,3.1,1.37,2.93,1.4,3.15,0.25,1.85,1.95,1.87,1.97,1.9,1.98,1.84,1.93,,,2.45,4.0,2.45,,,,2.45,3.9,2.45,2.53,4.07,2.52,,,,2.58,4.05,2.39,2.58,4.2,2.52,2.49,4.04,2.44,2.62,4.1,2.6,1.4,2.88,1.39,3.04,1.42,3.04,1.39,2.91,1.46,3.1,0.0,1.88,1.93,1.94,1.94,1.96,1.99,1.92,1.9,2.0,1.98
